{
    "classification_report": {
        "0": {
            "precision": 0.9096005606166784,
            "recall": 0.9089635854341737,
            "f1-score": 0.9092819614711033,
            "support": 1428.0
        },
        "1": {
            "precision": 0.9312169312169312,
            "recall": 0.9317098994176813,
            "f1-score": 0.931463350092617,
            "support": 1889.0
        },
        "accuracy": 0.9219173952366596,
        "macro avg": {
            "precision": 0.9204087459168048,
            "recall": 0.9203367424259274,
            "f1-score": 0.9203726557818601,
            "support": 3317.0
        },
        "weighted avg": {
            "precision": 0.9219108783929454,
            "recall": 0.9219173952366596,
            "f1-score": 0.921914051644766,
            "support": 3317.0
        }
    },
    "confusion_matrix": [
        [
            1298,
            130
        ],
        [
            129,
            1760
        ]
    ]
}