{
    "classification_report": {
        "0": {
            "precision": 0.9754689754689755,
            "recall": 0.9467787114845938,
            "f1-score": 0.9609097370291401,
            "support": 1428.0
        },
        "1": {
            "precision": 0.9606421543241843,
            "recall": 0.9820010587612493,
            "f1-score": 0.9712041884816754,
            "support": 1889.0
        },
        "accuracy": 0.9668375037684654,
        "macro avg": {
            "precision": 0.9680555648965798,
            "recall": 0.9643898851229216,
            "f1-score": 0.9660569627554078,
            "support": 3317.0
        },
        "weighted avg": {
            "precision": 0.9670252416304133,
            "recall": 0.9668375037684654,
            "f1-score": 0.966772329369761,
            "support": 3317.0
        }
    },
    "confusion_matrix": [
        [
            1352,
            76
        ],
        [
            34,
            1855
        ]
    ]
}