{
    "classification_report": {
        "0": {
            "precision": 0.9770114942528736,
            "recall": 0.9523809523809523,
            "f1-score": 0.9645390070921985,
            "support": 1428.0
        },
        "1": {
            "precision": 0.9646753246753247,
            "recall": 0.9830598200105876,
            "f1-score": 0.9737808075511274,
            "support": 1889.0
        },
        "accuracy": 0.9698522761531504,
        "macro avg": {
            "precision": 0.9708434094640992,
            "recall": 0.9677203861957699,
            "f1-score": 0.969159907321663,
            "support": 3317.0
        },
        "weighted avg": {
            "precision": 0.9699861628293012,
            "recall": 0.9698522761531504,
            "f1-score": 0.9698021246884955,
            "support": 3317.0
        }
    },
    "confusion_matrix": [
        [
            1360,
            68
        ],
        [
            32,
            1857
        ]
    ]
}